<?xml version="1.0" encoding="UTF-8"?>
<emitter imageName="" name="Heal Explosion">
  <spawnInterval enabled="true" max="1500.0" min="1500.0"/>
  <spawnCount enabled="true" max="75.0" min="50.0"/>
  <initialLife enabled="true" max="1500.0" min="1000.0"/>
  <initialSize enabled="true" max="1.0" min="1.0"/>
  <xOffset enabled="true" max="0.0" min="0.0"/>
  <yOffset enabled="true" max="0.0" min="0.0"/>
  <initialDistance enabled="true" max="0.0" min="0.0"/>
  <speed enabled="true" max="100.0" min="50.0"/>
  <length enabled="true" max="1000.0" min="1000.0"/>
  <spread value="360.0"/>
  <angularOffset value="0.0"/>
  <growthFactor value="20.0"/>
  <gravityFactor value="0.0"/>
  <windFactor value="0.0"/>
  <startAlpha value="255.0"/>
  <endAlpha value="0.0"/>
  <color>
    <step b="0.0" g="0.0" offset="0.0" r="1"/>
    <step b="0.0" g="0.0" offset="0.5" r="0.9"/>
    <step b="0.0" g="0.0" offset="1.0" r="0.7"/>
  </color>
</emitter>
