<?xml version="1.0" encoding="UTF-8"?>
<emitter imageName="" name="Small Explosion">
  <spawnInterval enabled="true" max="1500.0" min="1500.0"/>
  <spawnCount enabled="true" max="1000.0" min="1000.0"/>
  <initialLife enabled="true" max="3000.0" min="200.0"/>
  <initialSize enabled="true" max="1.0" min="1.0"/>
  <xOffset enabled="true" max="5.0" min="-5.0"/>
  <yOffset enabled="true" max="5.0" min="-5.0"/>
  <initialDistance enabled="true" max="0.0" min="0.0"/>
  <speed enabled="true" max="20.0" min="5.0"/>
  <length enabled="true" max="1000.0" min="1000.0"/>
  <spread value="360.0"/>
  <angularOffset value="0.0"/>
  <growthFactor value="10.0"/>
  <gravityFactor value="0.0"/>
  <windFactor value="0.0"/>
  <startAlpha value="255.0"/>
  <endAlpha value="0.0"/>
  <color>
    <step b="0.0" g="0.0" offset="0.0" r="1.0"/>
    <step b=".16" g=".96" offset="0.7" r=".98"/>
    <step b="0.0" g="0.0" offset="1.0" r="0.0"/>
  </color>
</emitter>
